year,month,ym,sido_name,resp_total
2018,1,2018-01,강원,74388
2018,2,2018-02,강원,43440
2018,3,2018-03,강원,41909
2018,4,2018-04,강원,42312
2018,5,2018-05,강원,39729
2018,6,2018-06,강원,29648
2018,7,2018-07,강원,24995
2018,8,2018-08,강원,23598
2018,9,2018-09,강원,33395
2018,10,2018-10,강원,42540
2018,11,2018-11,강원,46933
2018,12,2018-12,강원,62007
2019,1,2019-01,강원,47237
2019,2,2019-02,강원,33481
2019,3,2019-03,강원,40521
2019,4,2019-04,강원,47823
2019,5,2019-05,강원,41282
2019,6,2019-06,강원,28373
2019,7,2019-07,강원,26914
2019,8,2019-08,강원,24844
2019,9,2019-09,강원,32853
2019,10,2019-10,강원,41546
2019,11,2019-11,강원,43337
2019,12,2019-12,강원,49916
2020,1,2020-01,강원,58003
2020,2,2020-02,강원,36822
2020,3,2020-03,강원,22762
2020,4,2020-04,강원,17672
2020,5,2020-05,강원,20738
2020,6,2020-06,강원,20477
2020,7,2020-07,강원,20768
2020,8,2020-08,강원,17036
2020,9,2020-09,강원,19153
2020,10,2020-10,강원,22753
2020,11,2020-11,강원,25766
2020,12,2020-12,강원,21012
2021,1,2021-01,강원,15023
2021,2,2021-02,강원,15294
2021,3,2021-03,강원,20394
2021,4,2021-04,강원,21852
2021,5,2021-05,강원,20796
2021,6,2021-06,강원,17788
2021,7,2021-07,강원,13738
2021,8,2021-08,강원,13675
2021,9,2021-09,강원,18309
2021,10,2021-10,강원,22388
2021,11,2021-11,강원,29091
2021,12,2021-12,강원,23999
2022,1,2022-01,강원,20992
2022,2,2022-02,강원,30390
2022,3,2022-03,강원,53914
2022,4,2022-04,강원,37629
2022,5,2022-05,강원,27793
2022,6,2022-06,강원,21185
2022,7,2022-07,강원,25929
2022,8,2022-08,강원,32247
2022,9,2022-09,강원,29830
2022,10,2022-10,강원,33864
2022,11,2022-11,강원,39147
2022,12,2022-12,강원,48170
2023,1,2023-01,강원,39030
2023,2,2023-02,강원,32425
2023,3,2023-03,강원,40604
2023,4,2023-04,강원,46310
2023,5,2023-05,강원,46122
2023,6,2023-06,강원,33117
2023,7,2023-07,강원,36242
2023,8,2023-08,강원,33803
2023,9,2023-09,강원,33648
2023,10,2023-10,강원,44979
2023,11,2023-11,강원,51910
2023,12,2023-12,강원,56855
2024,1,2024-01,강원,49429
2024,2,2024-02,강원,38588
2024,3,2024-03,강원,41800
2024,4,2024-04,강원,40929
2024,5,2024-05,강원,38386
2024,6,2024-06,강원,30525
2024,7,2024-07,강원,35422
2024,8,2024-08,강원,43501
2024,9,2024-09,강원,33893
2024,10,2024-10,강원,39955
2024,11,2024-11,강원,44995
2024,12,2024-12,강원,57049
2018,1,2018-01,경기,429412
2018,2,2018-02,경기,254844
2018,3,2018-03,경기,278522
2018,4,2018-04,경기,300188
2018,5,2018-05,경기,276586
2018,6,2018-06,경기,215719
2018,7,2018-07,경기,183973
2018,8,2018-08,경기,165398
2018,9,2018-09,경기,250505
2018,10,2018-10,경기,304579
2018,11,2018-11,경기,348415
2018,12,2018-12,경기,412943
2019,1,2019-01,경기,290869
2019,2,2019-02,경기,211969
2019,3,2019-03,경기,288292
2019,4,2019-04,경기,337154
2019,5,2019-05,경기,285753
2019,6,2019-06,경기,212068
2019,7,2019-07,경기,201379
2019,8,2019-08,경기,176996
2019,9,2019-09,경기,254226
2019,10,2019-10,경기,306462
2019,11,2019-11,경기,317969
2019,12,2019-12,경기,375743
2020,1,2020-01,경기,366561
2020,2,2020-02,경기,206459
2020,3,2020-03,경기,127635
2020,4,2020-04,경기,96061
2020,5,2020-05,경기,122814
2020,6,2020-06,경기,120862
2020,7,2020-07,경기,112741
2020,8,2020-08,경기,93095
2020,9,2020-09,경기,110434
2020,10,2020-10,경기,130885
2020,11,2020-11,경기,159388
2020,12,2020-12,경기,108908
2021,1,2021-01,경기,74999
2021,2,2021-02,경기,76741
2021,3,2021-03,경기,138398
2021,4,2021-04,경기,151188
2021,5,2021-05,경기,129740
2021,6,2021-06,경기,116166
2021,7,2021-07,경기,86056
2021,8,2021-08,경기,73969
2021,9,2021-09,경기,115428
2021,10,2021-10,경기,147047
2021,11,2021-11,경기,209071
2021,12,2021-12,경기,165433
2022,1,2022-01,경기,142298
2022,2,2022-02,경기,206556
2022,3,2022-03,경기,392501
2022,4,2022-04,경기,265397
2022,5,2022-05,경기,177787
2022,6,2022-06,경기,151731
2022,7,2022-07,경기,197180
2022,8,2022-08,경기,215287
2022,9,2022-09,경기,211473
2022,10,2022-10,경기,243787
2022,11,2022-11,경기,279033
2022,12,2022-12,경기,335528
2023,1,2023-01,경기,251877
2023,2,2023-02,경기,206033
2023,3,2023-03,경기,286212
2023,4,2023-04,경기,334328
2023,5,2023-05,경기,318093
2023,6,2023-06,경기,241253
2023,7,2023-07,경기,259992
2023,8,2023-08,경기,230631
2023,9,2023-09,경기,255946
2023,10,2023-10,경기,331102
2023,11,2023-11,경기,382717
2023,12,2023-12,경기,429311
2024,1,2024-01,경기,349392
2024,2,2024-02,경기,263571
2024,3,2024-03,경기,300451
2024,4,2024-04,경기,287772
2024,5,2024-05,경기,263770
2024,6,2024-06,경기,214785
2024,7,2024-07,경기,252011
2024,8,2024-08,경기,285367
2024,9,2024-09,경기,227884
2024,10,2024-10,경기,274563
2024,11,2024-11,경기,300647
2024,12,2024-12,경기,383637
2018,1,2018-01,경남,170718
2018,2,2018-02,경남,98875
2018,3,2018-03,경남,88440
2018,4,2018-04,경남,91948
2018,5,2018-05,경남,85954
2018,6,2018-06,경남,64842
2018,7,2018-07,경남,53464
2018,8,2018-08,경남,47997
2018,9,2018-09,경남,67847
2018,10,2018-10,경남,91303
2018,11,2018-11,경남,99859
2018,12,2018-12,경남,136696
2019,1,2019-01,경남,104200
2019,2,2019-02,경남,75309
2019,3,2019-03,경남,79532
2019,4,2019-04,경남,91921
2019,5,2019-05,경남,82121
2019,6,2019-06,경남,57426
2019,7,2019-07,경남,53123
2019,8,2019-08,경남,45957
2019,9,2019-09,경남,61036
2019,10,2019-10,경남,81811
2019,11,2019-11,경남,93612
2019,12,2019-12,경남,112957
2020,1,2020-01,경남,119367
2020,2,2020-02,경남,78370
2020,3,2020-03,경남,41982
2020,4,2020-04,경남,30418
2020,5,2020-05,경남,31488
2020,6,2020-06,경남,32842
2020,7,2020-07,경남,30745
2020,8,2020-08,경남,26245
2020,9,2020-09,경남,33341
2020,10,2020-10,경남,40973
2020,11,2020-11,경남,46642
2020,12,2020-12,경남,37078
2021,1,2021-01,경남,26523
2021,2,2021-02,경남,26933
2021,3,2021-03,경남,34833
2021,4,2021-04,경남,36810
2021,5,2021-05,경남,32391
2021,6,2021-06,경남,31250
2021,7,2021-07,경남,24424
2021,8,2021-08,경남,21139
2021,9,2021-09,경남,30733
2021,10,2021-10,경남,43670
2021,11,2021-11,경남,49464
2021,12,2021-12,경남,44133
2022,1,2022-01,경남,44662
2022,2,2022-02,경남,64258
2022,3,2022-03,경남,106131
2022,4,2022-04,경남,67067
2022,5,2022-05,경남,43203
2022,6,2022-06,경남,33235
2022,7,2022-07,경남,40880
2022,8,2022-08,경남,54305
2022,9,2022-09,경남,49204
2022,10,2022-10,경남,55132
2022,11,2022-11,경남,72286
2022,12,2022-12,경남,97050
2023,1,2023-01,경남,77179
2023,2,2023-02,경남,59438
2023,3,2023-03,경남,68111
2023,4,2023-04,경남,76053
2023,5,2023-05,경남,78002
2023,6,2023-06,경남,61571
2023,7,2023-07,경남,63833
2023,8,2023-08,경남,57127
2023,9,2023-09,경남,56155
2023,10,2023-10,경남,77642
2023,11,2023-11,경남,93429
2023,12,2023-12,경남,110542
2024,1,2024-01,경남,99365
2024,2,2024-02,경남,75907
2024,3,2024-03,경남,76667
2024,4,2024-04,경남,72310
2024,5,2024-05,경남,65664
2024,6,2024-06,경남,50016
2024,7,2024-07,경남,63360
2024,8,2024-08,경남,71578
2024,9,2024-09,경남,47698
2024,10,2024-10,경남,61336
2024,11,2024-11,경남,72506
2024,12,2024-12,경남,94178
2018,1,2018-01,경북,131010
2018,2,2018-02,경북,77535
2018,3,2018-03,경북,72720
2018,4,2018-04,경북,72204
2018,5,2018-05,경북,65465
2018,6,2018-06,경북,49847
2018,7,2018-07,경북,40778
2018,8,2018-08,경북,36654
2018,9,2018-09,경북,50532
2018,10,2018-10,경북,70364
2018,11,2018-11,경북,76764
2018,12,2018-12,경북,96441
2019,1,2019-01,경북,83030
2019,2,2019-02,경북,58960
2019,3,2019-03,경북,65207
2019,4,2019-04,경북,75283
2019,5,2019-05,경북,64025
2019,6,2019-06,경북,43697
2019,7,2019-07,경북,42344
2019,8,2019-08,경북,36513
2019,9,2019-09,경북,51633
2019,10,2019-10,경북,67765
2019,11,2019-11,경북,75404
2019,12,2019-12,경북,90033
2020,1,2020-01,경북,99759
2020,2,2020-02,경북,69172
2020,3,2020-03,경북,36609
2020,4,2020-04,경북,27235
2020,5,2020-05,경북,25128
2020,6,2020-06,경북,28151
2020,7,2020-07,경북,28927
2020,8,2020-08,경북,23578
2020,9,2020-09,경북,32672
2020,10,2020-10,경북,36543
2020,11,2020-11,경북,40900
2020,12,2020-12,경북,36747
2021,1,2021-01,경북,24062
2021,2,2021-02,경북,24362
2021,3,2021-03,경북,32370
2021,4,2021-04,경북,36125
2021,5,2021-05,경북,30853
2021,6,2021-06,경북,28137
2021,7,2021-07,경북,22486
2021,8,2021-08,경북,20899
2021,9,2021-09,경북,28053
2021,10,2021-10,경북,36938
2021,11,2021-11,경북,46417
2021,12,2021-12,경북,38782
2022,1,2022-01,경북,35588
2022,2,2022-02,경북,46520
2022,3,2022-03,경북,78146
2022,4,2022-04,경북,57783
2022,5,2022-05,경북,39430
2022,6,2022-06,경북,30929
2022,7,2022-07,경북,36259
2022,8,2022-08,경북,47924
2022,9,2022-09,경북,44206
2022,10,2022-10,경북,50809
2022,11,2022-11,경북,63684
2022,12,2022-12,경북,82703
2023,1,2023-01,경북,64605
2023,2,2023-02,경북,52541
2023,3,2023-03,경북,60721
2023,4,2023-04,경북,67624
2023,5,2023-05,경북,66044
2023,6,2023-06,경북,48742
2023,7,2023-07,경북,49119
2023,8,2023-08,경북,46725
2023,9,2023-09,경북,47021
2023,10,2023-10,경북,64083
2023,11,2023-11,경북,77463
2023,12,2023-12,경북,87072
2024,1,2024-01,경북,79197
2024,2,2024-02,경북,60407
2024,3,2024-03,경북,63102
2024,4,2024-04,경북,58742
2024,5,2024-05,경북,53318
2024,6,2024-06,경북,38935
2024,7,2024-07,경북,46921
2024,8,2024-08,경북,58990
2024,9,2024-09,경북,43222
2024,10,2024-10,경북,55931
2024,11,2024-11,경북,63138
2024,12,2024-12,경북,77442
2018,1,2018-01,광주,47072
2018,2,2018-02,광주,31143
2018,3,2018-03,광주,30104
2018,4,2018-04,광주,30864
2018,5,2018-05,광주,28407
2018,6,2018-06,광주,21979
2018,7,2018-07,광주,18528
2018,8,2018-08,광주,17009
2018,9,2018-09,광주,24960
2018,10,2018-10,광주,30426
2018,11,2018-11,광주,33544
2018,12,2018-12,광주,42503
2019,1,2019-01,광주,35069
2019,2,2019-02,광주,23591
2019,3,2019-03,광주,31131
2019,4,2019-04,광주,37828
2019,5,2019-05,광주,29680
2019,6,2019-06,광주,21478
2019,7,2019-07,광주,20449
2019,8,2019-08,광주,18121
2019,9,2019-09,광주,23954
2019,10,2019-10,광주,30919
2019,11,2019-11,광주,32914
2019,12,2019-12,광주,37166
2020,1,2020-01,광주,38077
2020,2,2020-02,광주,23033
2020,3,2020-03,광주,15139
2020,4,2020-04,광주,12574
2020,5,2020-05,광주,14535
2020,6,2020-06,광주,14147
2020,7,2020-07,광주,11467
2020,8,2020-08,광주,10007
2020,9,2020-09,광주,12489
2020,10,2020-10,광주,16287
2020,11,2020-11,광주,18371
2020,12,2020-12,광주,13734
2021,1,2021-01,광주,10139
2021,2,2021-02,광주,9283
2021,3,2021-03,광주,14307
2021,4,2021-04,광주,15428
2021,5,2021-05,광주,12912
2021,6,2021-06,광주,12069
2021,7,2021-07,광주,10462
2021,8,2021-08,광주,9273
2021,9,2021-09,광주,13525
2021,10,2021-10,광주,15837
2021,11,2021-11,광주,20502
2021,12,2021-12,광주,16812
2022,1,2022-01,광주,15300
2022,2,2022-02,광주,21241
2022,3,2022-03,광주,41698
2022,4,2022-04,광주,31433
2022,5,2022-05,광주,20180
2022,6,2022-06,광주,16015
2022,7,2022-07,광주,18846
2022,8,2022-08,광주,25288
2022,9,2022-09,광주,21657
2022,10,2022-10,광주,24513
2022,11,2022-11,광주,30323
2022,12,2022-12,광주,35221
2023,1,2023-01,광주,29500
2023,2,2023-02,광주,23770
2023,3,2023-03,광주,29998
2023,4,2023-04,광주,32988
2023,5,2023-05,광주,30702
2023,6,2023-06,광주,22600
2023,7,2023-07,광주,24572
2023,8,2023-08,광주,23627
2023,9,2023-09,광주,21981
2023,10,2023-10,광주,30673
2023,11,2023-11,광주,36463
2023,12,2023-12,광주,39857
2024,1,2024-01,광주,36286
2024,2,2024-02,광주,26120
2024,3,2024-03,광주,28630
2024,4,2024-04,광주,27471
2024,5,2024-05,광주,24954
2024,6,2024-06,광주,18209
2024,7,2024-07,광주,22996
2024,8,2024-08,광주,27029
2024,9,2024-09,광주,18105
2024,10,2024-10,광주,24459
2024,11,2024-11,광주,28395
2024,12,2024-12,광주,34804
2018,1,2018-01,대구,82433
2018,2,2018-02,대구,48868
2018,3,2018-03,대구,49174
2018,4,2018-04,대구,52996
2018,5,2018-05,대구,47589
2018,6,2018-06,대구,36845
2018,7,2018-07,대구,30911
2018,8,2018-08,대구,27326
2018,9,2018-09,대구,39605
2018,10,2018-10,대구,52002
2018,11,2018-11,대구,57192
2018,12,2018-12,대구,70687
2019,1,2019-01,대구,55683
2019,2,2019-02,대구,40210
2019,3,2019-03,대구,46312
2019,4,2019-04,대구,55224
2019,5,2019-05,대구,47080
2019,6,2019-06,대구,33568
2019,7,2019-07,대구,33063
2019,8,2019-08,대구,27551
2019,9,2019-09,대구,37260
2019,10,2019-10,대구,48101
2019,11,2019-11,대구,52486
2019,12,2019-12,대구,60961
2020,1,2020-01,대구,63354
2020,2,2020-02,대구,39792
2020,3,2020-03,대구,19791
2020,4,2020-04,대구,15763
2020,5,2020-05,대구,15003
2020,6,2020-06,대구,16736
2020,7,2020-07,대구,19331
2020,8,2020-08,대구,15763
2020,9,2020-09,대구,20062
2020,10,2020-10,대구,25046
2020,11,2020-11,대구,26968
2020,12,2020-12,대구,23002
2021,1,2021-01,대구,15018
2021,2,2021-02,대구,14546
2021,3,2021-03,대구,21618
2021,4,2021-04,대구,26362
2021,5,2021-05,대구,20458
2021,6,2021-06,대구,18134
2021,7,2021-07,대구,14973
2021,8,2021-08,대구,14124
2021,9,2021-09,대구,19489
2021,10,2021-10,대구,25304
2021,11,2021-11,대구,31500
2021,12,2021-12,대구,25380
2022,1,2022-01,대구,22717
2022,2,2022-02,대구,35002
2022,3,2022-03,대구,59366
2022,4,2022-04,대구,42336
2022,5,2022-05,대구,26839
2022,6,2022-06,대구,22743
2022,7,2022-07,대구,27436
2022,8,2022-08,대구,34981
2022,9,2022-09,대구,32394
2022,10,2022-10,대구,34570
2022,11,2022-11,대구,43934
2022,12,2022-12,대구,53693
2023,1,2023-01,대구,40171
2023,2,2023-02,대구,34155
2023,3,2023-03,대구,39194
2023,4,2023-04,대구,46144
2023,5,2023-05,대구,46620
2023,6,2023-06,대구,34064
2023,7,2023-07,대구,36853
2023,8,2023-08,대구,34538
2023,9,2023-09,대구,35320
2023,10,2023-10,대구,46739
2023,11,2023-11,대구,54536
2023,12,2023-12,대구,60677
2024,1,2024-01,대구,52129
2024,2,2024-02,대구,42619
2024,3,2024-03,대구,42281
2024,4,2024-04,대구,41539
2024,5,2024-05,대구,37108
2024,6,2024-06,대구,27256
2024,7,2024-07,대구,33837
2024,8,2024-08,대구,41299
2024,9,2024-09,대구,29791
2024,10,2024-10,대구,38167
2024,11,2024-11,대구,45391
2024,12,2024-12,대구,57323
2018,1,2018-01,대전,50045
2018,2,2018-02,대전,31781
2018,3,2018-03,대전,34037
2018,4,2018-04,대전,37671
2018,5,2018-05,대전,32519
2018,6,2018-06,대전,24983
2018,7,2018-07,대전,21807
2018,8,2018-08,대전,20240
2018,9,2018-09,대전,28454
2018,10,2018-10,대전,35250
2018,11,2018-11,대전,39441
2018,12,2018-12,대전,49896
2019,1,2019-01,대전,34859
2019,2,2019-02,대전,26074
2019,3,2019-03,대전,32455
2019,4,2019-04,대전,38569
2019,5,2019-05,대전,32084
2019,6,2019-06,대전,23627
2019,7,2019-07,대전,22131
2019,8,2019-08,대전,19210
2019,9,2019-09,대전,26381
2019,10,2019-10,대전,32641
2019,11,2019-11,대전,33140
2019,12,2019-12,대전,37500
2020,1,2020-01,대전,40087
2020,2,2020-02,대전,25991
2020,3,2020-03,대전,15344
2020,4,2020-04,대전,12059
2020,5,2020-05,대전,13968
2020,6,2020-06,대전,14437
2020,7,2020-07,대전,11779
2020,8,2020-08,대전,11664
2020,9,2020-09,대전,14570
2020,10,2020-10,대전,16192
2020,11,2020-11,대전,18175
2020,12,2020-12,대전,15133
2021,1,2021-01,대전,10385
2021,2,2021-02,대전,10584
2021,3,2021-03,대전,14124
2021,4,2021-04,대전,15524
2021,5,2021-05,대전,13240
2021,6,2021-06,대전,12454
2021,7,2021-07,대전,9646
2021,8,2021-08,대전,8732
2021,9,2021-09,대전,13155
2021,10,2021-10,대전,16053
2021,11,2021-11,대전,21505
2021,12,2021-12,대전,15650
2022,1,2022-01,대전,14225
2022,2,2022-02,대전,24552
2022,3,2022-03,대전,45083
2022,4,2022-04,대전,29498
2022,5,2022-05,대전,18214
2022,6,2022-06,대전,14114
2022,7,2022-07,대전,18058
2022,8,2022-08,대전,23345
2022,9,2022-09,대전,21418
2022,10,2022-10,대전,24139
2022,11,2022-11,대전,29516
2022,12,2022-12,대전,35386
2023,1,2023-01,대전,28270
2023,2,2023-02,대전,23752
2023,3,2023-03,대전,29811
2023,4,2023-04,대전,35061
2023,5,2023-05,대전,31306
2023,6,2023-06,대전,22227
2023,7,2023-07,대전,23573
2023,8,2023-08,대전,22983
2023,9,2023-09,대전,22903
2023,10,2023-10,대전,32758
2023,11,2023-11,대전,38433
2023,12,2023-12,대전,41800
2024,1,2024-01,대전,36502
2024,2,2024-02,대전,28711
2024,3,2024-03,대전,30255
2024,4,2024-04,대전,29304
2024,5,2024-05,대전,26017
2024,6,2024-06,대전,20474
2024,7,2024-07,대전,24808
2024,8,2024-08,대전,29092
2024,9,2024-09,대전,21191
2024,10,2024-10,대전,26965
2024,11,2024-11,대전,30339
2024,12,2024-12,대전,41284
2018,1,2018-01,부산,150333
2018,2,2018-02,부산,87271
2018,3,2018-03,부산,85343
2018,4,2018-04,부산,90753
2018,5,2018-05,부산,83685
2018,6,2018-06,부산,66044
2018,7,2018-07,부산,51948
2018,8,2018-08,부산,46503
2018,9,2018-09,부산,64747
2018,10,2018-10,부산,89297
2018,11,2018-11,부산,93095
2018,12,2018-12,부산,119727
2019,1,2019-01,부산,96363
2019,2,2019-02,부산,70170
2019,3,2019-03,부산,78491
2019,4,2019-04,부산,93151
2019,5,2019-05,부산,81908
2019,6,2019-06,부산,59129
2019,7,2019-07,부산,54115
2019,8,2019-08,부산,47047
2019,9,2019-09,부산,62346
2019,10,2019-10,부산,85728
2019,11,2019-11,부산,96465
2019,12,2019-12,부산,113505
2020,1,2020-01,부산,115415
2020,2,2020-02,부산,70935
2020,3,2020-03,부산,41005
2020,4,2020-04,부산,30284
2020,5,2020-05,부산,29901
2020,6,2020-06,부산,34925
2020,7,2020-07,부산,32446
2020,8,2020-08,부산,27482
2020,9,2020-09,부산,32900
2020,10,2020-10,부산,37884
2020,11,2020-11,부산,44165
2020,12,2020-12,부산,35224
2021,1,2021-01,부산,26094
2021,2,2021-02,부산,26445
2021,3,2021-03,부산,37666
2021,4,2021-04,부산,39127
2021,5,2021-05,부산,33933
2021,6,2021-06,부산,30554
2021,7,2021-07,부산,24839
2021,8,2021-08,부산,22981
2021,9,2021-09,부산,32180
2021,10,2021-10,부산,41926
2021,11,2021-11,부산,49018
2021,12,2021-12,부산,45746
2022,1,2022-01,부산,44766
2022,2,2022-02,부산,75588
2022,3,2022-03,부산,116944
2022,4,2022-04,부산,63081
2022,5,2022-05,부산,44968
2022,6,2022-06,부산,36229
2022,7,2022-07,부산,46136
2022,8,2022-08,부산,59221
2022,9,2022-09,부산,49971
2022,10,2022-10,부산,58442
2022,11,2022-11,부산,74435
2022,12,2022-12,부산,94390
2023,1,2023-01,부산,73190
2023,2,2023-02,부산,59544
2023,3,2023-03,부산,70798
2023,4,2023-04,부산,80935
2023,5,2023-05,부산,84582
2023,6,2023-06,부산,67941
2023,7,2023-07,부산,69102
2023,8,2023-08,부산,60005
2023,9,2023-09,부산,56980
2023,10,2023-10,부산,78517
2023,11,2023-11,부산,96586
2023,12,2023-12,부산,112038
2024,1,2024-01,부산,93928
2024,2,2024-02,부산,74557
2024,3,2024-03,부산,77855
2024,4,2024-04,부산,75396
2024,5,2024-05,부산,70094
2024,6,2024-06,부산,53998
2024,7,2024-07,부산,70166
2024,8,2024-08,부산,73307
2024,9,2024-09,부산,51421
2024,10,2024-10,부산,65921
2024,11,2024-11,부산,76639
2024,12,2024-12,부산,101505
2018,1,2018-01,서울,318236
2018,2,2018-02,서울,186469
2018,3,2018-03,서울,199955
2018,4,2018-04,서울,217461
2018,5,2018-05,서울,193880
2018,6,2018-06,서울,153046
2018,7,2018-07,서울,129496
2018,8,2018-08,서울,115032
2018,9,2018-09,서울,167298
2018,10,2018-10,서울,211979
2018,11,2018-11,서울,237291
2018,12,2018-12,서울,295513
2019,1,2019-01,서울,206715
2019,2,2019-02,서울,152463
2019,3,2019-03,서울,197914
2019,4,2019-04,서울,245042
2019,5,2019-05,서울,199877
2019,6,2019-06,서울,148447
2019,7,2019-07,서울,139110
2019,8,2019-08,서울,121115
2019,9,2019-09,서울,166583
2019,10,2019-10,서울,207350
2019,11,2019-11,서울,215698
2019,12,2019-12,서울,253275
2020,1,2020-01,서울,252324
2020,2,2020-02,서울,149596
2020,3,2020-03,서울,92268
2020,4,2020-04,서울,66416
2020,5,2020-05,서울,78778
2020,6,2020-06,서울,75764
2020,7,2020-07,서울,70786
2020,8,2020-08,서울,61925
2020,9,2020-09,서울,70039
2020,10,2020-10,서울,78766
2020,11,2020-11,서울,96522
2020,12,2020-12,서울,69256
2021,1,2021-01,서울,50412
2021,2,2021-02,서울,50355
2021,3,2021-03,서울,83152
2021,4,2021-04,서울,99409
2021,5,2021-05,서울,82230
2021,6,2021-06,서울,73198
2021,7,2021-07,서울,57371
2021,8,2021-08,서울,51129
2021,9,2021-09,서울,69702
2021,10,2021-10,서울,88577
2021,11,2021-11,서울,122646
2021,12,2021-12,서울,101981
2022,1,2022-01,서울,88298
2022,2,2022-02,서울,139136
2022,3,2022-03,서울,270014
2022,4,2022-04,서울,177095
2022,5,2022-05,서울,115101
2022,6,2022-06,서울,97269
2022,7,2022-07,서울,128489
2022,8,2022-08,서울,140000
2022,9,2022-09,서울,128909
2022,10,2022-10,서울,150991
2022,11,2022-11,서울,172949
2022,12,2022-12,서울,206075
2023,1,2023-01,서울,162913
2023,2,2023-02,서울,141228
2023,3,2023-03,서울,188636
2023,4,2023-04,서울,229820
2023,5,2023-05,서울,221126
2023,6,2023-06,서울,168165
2023,7,2023-07,서울,177999
2023,8,2023-08,서울,159017
2023,9,2023-09,서울,161849
2023,10,2023-10,서울,209770
2023,11,2023-11,서울,251542
2023,12,2023-12,서울,283449
2024,1,2024-01,서울,235793
2024,2,2024-02,서울,185825
2024,3,2024-03,서울,194287
2024,4,2024-04,서울,196004
2024,5,2024-05,서울,176893
2024,6,2024-06,서울,144606
2024,7,2024-07,서울,180140
2024,8,2024-08,서울,200515
2024,9,2024-09,서울,148926
2024,10,2024-10,서울,182389
2024,11,2024-11,서울,201005
2024,12,2024-12,서울,264203
2018,1,2018-01,세종,7730
2018,2,2018-02,세종,4260
2018,3,2018-03,세종,4992
2018,4,2018-04,세종,5455
2018,5,2018-05,세종,4800
2018,6,2018-06,세종,3681
2018,7,2018-07,세종,3027
2018,8,2018-08,세종,2749
2018,9,2018-09,세종,4153
2018,10,2018-10,세종,4724
2018,11,2018-11,세종,5858
2018,12,2018-12,세종,8247
2019,1,2019-01,세종,4907
2019,2,2019-02,세종,3203
2019,3,2019-03,세종,4945
2019,4,2019-04,세종,6407
2019,5,2019-05,세종,5347
2019,6,2019-06,세종,4112
2019,7,2019-07,세종,3701
2019,8,2019-08,세종,3677
2019,9,2019-09,세종,5141
2019,10,2019-10,세종,5393
2019,11,2019-11,세종,5311
2019,12,2019-12,세종,6441
2020,1,2020-01,세종,6248
2020,2,2020-02,세종,3492
2020,3,2020-03,세종,2128
2020,4,2020-04,세종,1539
2020,5,2020-05,세종,1996
2020,6,2020-06,세종,2235
2020,7,2020-07,세종,2026
2020,8,2020-08,세종,1626
2020,9,2020-09,세종,2020
2020,10,2020-10,세종,2609
2020,11,2020-11,세종,3229
2020,12,2020-12,세종,2205
2021,1,2021-01,세종,1398
2021,2,2021-02,세종,1319
2021,3,2021-03,세종,2251
2021,4,2021-04,세종,2445
2021,5,2021-05,세종,2168
2021,6,2021-06,세종,2121
2021,7,2021-07,세종,1534
2021,8,2021-08,세종,1478
2021,9,2021-09,세종,2187
2021,10,2021-10,세종,3079
2021,11,2021-11,세종,4770
2021,12,2021-12,세종,3024
2022,1,2022-01,세종,2852
2022,2,2022-02,세종,4803
2022,3,2022-03,세종,11158
2022,4,2022-04,세종,7229
2022,5,2022-05,세종,4115
2022,6,2022-06,세종,3230
2022,7,2022-07,세종,4728
2022,8,2022-08,세종,6852
2022,9,2022-09,세종,5559
2022,10,2022-10,세종,5743
2022,11,2022-11,세종,6743
2022,12,2022-12,세종,9302
2023,1,2023-01,세종,6504
2023,2,2023-02,세종,4662
2023,3,2023-03,세종,6973
2023,4,2023-04,세종,8803
2023,5,2023-05,세종,7988
2023,6,2023-06,세종,5622
2023,7,2023-07,세종,6089
2023,8,2023-08,세종,5890
2023,9,2023-09,세종,5644
2023,10,2023-10,세종,7825
2023,11,2023-11,세종,9334
2023,12,2023-12,세종,10736
2024,1,2024-01,세종,7643
2024,2,2024-02,세종,5329
2024,3,2024-03,세종,6318
2024,4,2024-04,세종,6177
2024,5,2024-05,세종,5806
2024,6,2024-06,세종,4411
2024,7,2024-07,세종,4886
2024,8,2024-08,세종,6433
2024,9,2024-09,세종,5244
2024,10,2024-10,세종,6234
2024,11,2024-11,세종,7319
2024,12,2024-12,세종,10712
2018,1,2018-01,울산,52088
2018,2,2018-02,울산,31545
2018,3,2018-03,울산,31801
2018,4,2018-04,울산,34337
2018,5,2018-05,울산,29954
2018,6,2018-06,울산,22443
2018,7,2018-07,울산,17778
2018,8,2018-08,울산,15372
2018,9,2018-09,울산,22238
2018,10,2018-10,울산,30228
2018,11,2018-11,울산,32269
2018,12,2018-12,울산,42213
2019,1,2019-01,울산,31911
2019,2,2019-02,울산,23429
2019,3,2019-03,울산,26488
2019,4,2019-04,울산,32298
2019,5,2019-05,울산,27414
2019,6,2019-06,울산,19815
2019,7,2019-07,울산,19178
2019,8,2019-08,울산,15651
2019,9,2019-09,울산,22475
2019,10,2019-10,울산,29990
2019,11,2019-11,울산,33401
2019,12,2019-12,울산,38260
2020,1,2020-01,울산,37372
2020,2,2020-02,울산,24064
2020,3,2020-03,울산,12326
2020,4,2020-04,울산,8577
2020,5,2020-05,울산,9547
2020,6,2020-06,울산,11009
2020,7,2020-07,울산,10486
2020,8,2020-08,울산,8771
2020,9,2020-09,울산,9886
2020,10,2020-10,울산,12051
2020,11,2020-11,울산,14942
2020,12,2020-12,울산,11881
2021,1,2021-01,울산,7736
2021,2,2021-02,울산,8386
2021,3,2021-03,울산,12812
2021,4,2021-04,울산,14919
2021,5,2021-05,울산,10272
2021,6,2021-06,울산,10049
2021,7,2021-07,울산,9183
2021,8,2021-08,울산,8093
2021,9,2021-09,울산,10487
2021,10,2021-10,울산,14832
2021,11,2021-11,울산,18805
2021,12,2021-12,울산,15399
2022,1,2022-01,울산,15015
2022,2,2022-02,울산,23066
2022,3,2022-03,울산,36698
2022,4,2022-04,울산,22164
2022,5,2022-05,울산,15199
2022,6,2022-06,울산,12570
2022,7,2022-07,울산,15190
2022,8,2022-08,울산,17250
2022,9,2022-09,울산,15026
2022,10,2022-10,울산,17941
2022,11,2022-11,울산,24363
2022,12,2022-12,울산,31318
2023,1,2023-01,울산,24292
2023,2,2023-02,울산,18739
2023,3,2023-03,울산,22639
2023,4,2023-04,울산,25643
2023,5,2023-05,울산,25011
2023,6,2023-06,울산,20415
2023,7,2023-07,울산,20928
2023,8,2023-08,울산,17581
2023,9,2023-09,울산,18214
2023,10,2023-10,울산,24383
2023,11,2023-11,울산,33346
2023,12,2023-12,울산,37663
2024,1,2024-01,울산,30995
2024,2,2024-02,울산,22434
2024,3,2024-03,울산,23914
2024,4,2024-04,울산,22429
2024,5,2024-05,울산,21499
2024,6,2024-06,울산,16363
2024,7,2024-07,울산,19623
2024,8,2024-08,울산,20312
2024,9,2024-09,울산,15042
2024,10,2024-10,울산,19579
2024,11,2024-11,울산,22548
2024,12,2024-12,울산,28294
2018,1,2018-01,인천,96128
2018,2,2018-02,인천,58364
2018,3,2018-03,인천,63120
2018,4,2018-04,인천,67893
2018,5,2018-05,인천,63067
2018,6,2018-06,인천,50855
2018,7,2018-07,인천,41018
2018,8,2018-08,인천,37159
2018,9,2018-09,인천,52668
2018,10,2018-10,인천,66344
2018,11,2018-11,인천,74719
2018,12,2018-12,인천,90068
2019,1,2019-01,인천,64888
2019,2,2019-02,인천,48355
2019,3,2019-03,인천,63047
2019,4,2019-04,인천,73855
2019,5,2019-05,인천,63896
2019,6,2019-06,인천,46949
2019,7,2019-07,인천,44456
2019,8,2019-08,인천,40281
2019,9,2019-09,인천,54446
2019,10,2019-10,인천,66788
2019,11,2019-11,인천,69618
2019,12,2019-12,인천,80540
2020,1,2020-01,인천,80942
2020,2,2020-02,인천,48551
2020,3,2020-03,인천,30790
2020,4,2020-04,인천,22444
2020,5,2020-05,인천,26855
2020,6,2020-06,인천,25342
2020,7,2020-07,인천,25107
2020,8,2020-08,인천,20719
2020,9,2020-09,인천,23274
2020,10,2020-10,인천,28664
2020,11,2020-11,인천,34453
2020,12,2020-12,인천,24883
2021,1,2021-01,인천,17716
2021,2,2021-02,인천,17967
2021,3,2021-03,인천,30938
2021,4,2021-04,인천,33339
2021,5,2021-05,인천,28635
2021,6,2021-06,인천,26512
2021,7,2021-07,인천,19400
2021,8,2021-08,인천,16755
2021,9,2021-09,인천,24782
2021,10,2021-10,인천,30805
2021,11,2021-11,인천,42318
2021,12,2021-12,인천,35833
2022,1,2022-01,인천,31383
2022,2,2022-02,인천,47254
2022,3,2022-03,인천,70951
2022,4,2022-04,인천,49170
2022,5,2022-05,인천,35834
2022,6,2022-06,인천,30195
2022,7,2022-07,인천,37307
2022,8,2022-08,인천,41924
2022,9,2022-09,인천,40803
2022,10,2022-10,인천,46382
2022,11,2022-11,인천,54896
2022,12,2022-12,인천,68840
2023,1,2023-01,인천,50932
2023,2,2023-02,인천,43261
2023,3,2023-03,인천,57425
2023,4,2023-04,인천,67208
2023,5,2023-05,인천,63097
2023,6,2023-06,인천,48983
2023,7,2023-07,인천,52158
2023,8,2023-08,인천,46588
2023,9,2023-09,인천,51468
2023,10,2023-10,인천,66976
2023,11,2023-11,인천,81870
2023,12,2023-12,인천,92617
2024,1,2024-01,인천,74389
2024,2,2024-02,인천,56441
2024,3,2024-03,인천,62090
2024,4,2024-04,인천,60633
2024,5,2024-05,인천,56436
2024,6,2024-06,인천,45932
2024,7,2024-07,인천,55068
2024,8,2024-08,인천,64190
2024,9,2024-09,인천,47830
2024,10,2024-10,인천,57696
2024,11,2024-11,인천,63086
2024,12,2024-12,인천,81611
2018,1,2018-01,전남,103711
2018,2,2018-02,전남,66518
2018,3,2018-03,전남,54691
2018,4,2018-04,전남,53260
2018,5,2018-05,전남,50668
2018,6,2018-06,전남,35252
2018,7,2018-07,전남,28306
2018,8,2018-08,전남,26839
2018,9,2018-09,전남,37053
2018,10,2018-10,전남,53042
2018,11,2018-11,전남,59658
2018,12,2018-12,전남,78729
2019,1,2019-01,전남,69838
2019,2,2019-02,전남,48912
2019,3,2019-03,전남,51744
2019,4,2019-04,전남,60077
2019,5,2019-05,전남,49920
2019,6,2019-06,전남,33522
2019,7,2019-07,전남,30509
2019,8,2019-08,전남,26451
2019,9,2019-09,전남,35863
2019,10,2019-10,전남,48357
2019,11,2019-11,전남,56564
2019,12,2019-12,전남,66218
2020,1,2020-01,전남,75821
2020,2,2020-02,전남,54541
2020,3,2020-03,전남,35351
2020,4,2020-04,전남,25562
2020,5,2020-05,전남,23935
2020,6,2020-06,전남,22237
2020,7,2020-07,전남,22659
2020,8,2020-08,전남,17333
2020,9,2020-09,전남,23226
2020,10,2020-10,전남,27738
2020,11,2020-11,전남,30377
2020,12,2020-12,전남,27580
2021,1,2021-01,전남,22147
2021,2,2021-02,전남,21184
2021,3,2021-03,전남,24042
2021,4,2021-04,전남,26104
2021,5,2021-05,전남,20697
2021,6,2021-06,전남,17428
2021,7,2021-07,전남,15413
2021,8,2021-08,전남,13250
2021,9,2021-09,전남,17975
2021,10,2021-10,전남,23465
2021,11,2021-11,전남,29221
2021,12,2021-12,전남,26824
2022,1,2022-01,전남,24757
2022,2,2022-02,전남,28064
2022,3,2022-03,전남,53744
2022,4,2022-04,전남,45653
2022,5,2022-05,전남,28754
2022,6,2022-06,전남,21557
2022,7,2022-07,전남,24325
2022,8,2022-08,전남,33193
2022,9,2022-09,전남,30071
2022,10,2022-10,전남,34111
2022,11,2022-11,전남,42337
2022,12,2022-12,전남,50846
2023,1,2023-01,전남,47825
2023,2,2023-02,전남,36359
2023,3,2023-03,전남,40391
2023,4,2023-04,전남,44021
2023,5,2023-05,전남,44775
2023,6,2023-06,전남,31361
2023,7,2023-07,전남,33216
2023,8,2023-08,전남,34017
2023,9,2023-09,전남,29507
2023,10,2023-10,전남,40658
2023,11,2023-11,전남,50054
2023,12,2023-12,전남,57991
2024,1,2024-01,전남,58449
2024,2,2024-02,전남,45142
2024,3,2024-03,전남,43363
2024,4,2024-04,전남,40510
2024,5,2024-05,전남,37744
2024,6,2024-06,전남,28676
2024,7,2024-07,전남,35463
2024,8,2024-08,전남,42980
2024,9,2024-09,전남,27138
2024,10,2024-10,전남,33914
2024,11,2024-11,전남,40035
2024,12,2024-12,전남,52123
2018,1,2018-01,전북,93853
2018,2,2018-02,전북,61930
2018,3,2018-03,전북,56513
2018,4,2018-04,전북,56132
2018,5,2018-05,전북,51245
2018,6,2018-06,전북,39254
2018,7,2018-07,전북,31478
2018,8,2018-08,전북,29818
2018,9,2018-09,전북,42199
2018,10,2018-10,전북,58038
2018,11,2018-11,전북,63908
2018,12,2018-12,전북,81096
2019,1,2019-01,전북,66175
2019,2,2019-02,전북,47432
2019,3,2019-03,전북,52346
2019,4,2019-04,전북,61150
2019,5,2019-05,전북,51515
2019,6,2019-06,전북,36346
2019,7,2019-07,전북,34062
2019,8,2019-08,전북,30051
2019,9,2019-09,전북,43043
2019,10,2019-10,전북,56707
2019,11,2019-11,전북,59503
2019,12,2019-12,전북,70528
2020,1,2020-01,전북,76974
2020,2,2020-02,전북,51516
2020,3,2020-03,전북,34855
2020,4,2020-04,전북,27043
2020,5,2020-05,전북,26773
2020,6,2020-06,전북,25386
2020,7,2020-07,전북,25503
2020,8,2020-08,전북,21797
2020,9,2020-09,전북,28032
2020,10,2020-10,전북,32419
2020,11,2020-11,전북,34988
2020,12,2020-12,전북,29077
2021,1,2021-01,전북,21197
2021,2,2021-02,전북,21704
2021,3,2021-03,전북,27630
2021,4,2021-04,전북,27596
2021,5,2021-05,전북,23650
2021,6,2021-06,전북,22925
2021,7,2021-07,전북,18800
2021,8,2021-08,전북,17260
2021,9,2021-09,전북,23828
2021,10,2021-10,전북,30036
2021,11,2021-11,전북,37501
2021,12,2021-12,전북,32802
2022,1,2022-01,전북,29733
2022,2,2022-02,전북,38633
2022,3,2022-03,전북,64075
2022,4,2022-04,전북,47690
2022,5,2022-05,전북,33348
2022,6,2022-06,전북,24358
2022,7,2022-07,전북,29378
2022,8,2022-08,전북,37319
2022,9,2022-09,전북,35121
2022,10,2022-10,전북,39315
2022,11,2022-11,전북,47260
2022,12,2022-12,전북,55184
2023,1,2023-01,전북,47541
2023,2,2023-02,전북,39285
2023,3,2023-03,전북,47528
2023,4,2023-04,전북,51372
2023,5,2023-05,전북,49629
2023,6,2023-06,전북,35645
2023,7,2023-07,전북,34382
2023,8,2023-08,전북,36449
2023,9,2023-09,전북,33763
2023,10,2023-10,전북,47787
2023,11,2023-11,전북,55447
2023,12,2023-12,전북,60566
2024,1,2024-01,전북,57079
2024,2,2024-02,전북,44788
2024,3,2024-03,전북,46808
2024,4,2024-04,전북,44399
2024,5,2024-05,전북,41068
2024,6,2024-06,전북,30710
2024,7,2024-07,전북,36955
2024,8,2024-08,전북,43686
2024,9,2024-09,전북,30264
2024,10,2024-10,전북,39573
2024,11,2024-11,전북,46002
2024,12,2024-12,전북,59346
2018,1,2018-01,제주,30660
2018,2,2018-02,제주,17876
2018,3,2018-03,제주,18991
2018,4,2018-04,제주,19074
2018,5,2018-05,제주,18288
2018,6,2018-06,제주,14404
2018,7,2018-07,제주,11578
2018,8,2018-08,제주,10507
2018,9,2018-09,제주,13493
2018,10,2018-10,제주,18846
2018,11,2018-11,제주,20268
2018,12,2018-12,제주,24325
2019,1,2019-01,제주,21131
2019,2,2019-02,제주,15026
2019,3,2019-03,제주,18259
2019,4,2019-04,제주,19870
2019,5,2019-05,제주,17446
2019,6,2019-06,제주,13108
2019,7,2019-07,제주,12671
2019,8,2019-08,제주,11141
2019,9,2019-09,제주,13426
2019,10,2019-10,제주,18412
2019,11,2019-11,제주,19667
2019,12,2019-12,제주,23210
2020,1,2020-01,제주,25617
2020,2,2020-02,제주,16851
2020,3,2020-03,제주,10529
2020,4,2020-04,제주,9871
2020,5,2020-05,제주,9360
2020,6,2020-06,제주,8850
2020,7,2020-07,제주,9904
2020,8,2020-08,제주,8572
2020,9,2020-09,제주,8712
2020,10,2020-10,제주,11105
2020,11,2020-11,제주,12415
2020,12,2020-12,제주,11666
2021,1,2021-01,제주,6391
2021,2,2021-02,제주,7326
2021,3,2021-03,제주,10276
2021,4,2021-04,제주,10553
2021,5,2021-05,제주,8762
2021,6,2021-06,제주,8058
2021,7,2021-07,제주,6803
2021,8,2021-08,제주,6133
2021,9,2021-09,제주,6564
2021,10,2021-10,제주,12770
2021,11,2021-11,제주,15376
2021,12,2021-12,제주,12400
2022,1,2022-01,제주,11737
2022,2,2022-02,제주,16542
2022,3,2022-03,제주,29159
2022,4,2022-04,제주,18350
2022,5,2022-05,제주,13080
2022,6,2022-06,제주,10039
2022,7,2022-07,제주,13795
2022,8,2022-08,제주,15279
2022,9,2022-09,제주,12031
2022,10,2022-10,제주,16844
2022,11,2022-11,제주,17777
2022,12,2022-12,제주,25640
2023,1,2023-01,제주,18596
2023,2,2023-02,제주,15852
2023,3,2023-03,제주,20732
2023,4,2023-04,제주,22431
2023,5,2023-05,제주,23581
2023,6,2023-06,제주,19243
2023,7,2023-07,제주,18288
2023,8,2023-08,제주,15569
2023,9,2023-09,제주,14316
2023,10,2023-10,제주,18777
2023,11,2023-11,제주,23957
2023,12,2023-12,제주,26697
2024,1,2024-01,제주,22292
2024,2,2024-02,제주,16706
2024,3,2024-03,제주,19751
2024,4,2024-04,제주,17425
2024,5,2024-05,제주,16386
2024,6,2024-06,제주,13674
2024,7,2024-07,제주,18963
2024,8,2024-08,제주,15495
2024,9,2024-09,제주,11253
2024,10,2024-10,제주,13836
2024,11,2024-11,제주,16732
2024,12,2024-12,제주,22250
2018,1,2018-01,충남,105919
2018,2,2018-02,충남,63362
2018,3,2018-03,충남,60585
2018,4,2018-04,충남,62828
2018,5,2018-05,충남,57033
2018,6,2018-06,충남,41697
2018,7,2018-07,충남,34030
2018,8,2018-08,충남,30317
2018,9,2018-09,충남,47005
2018,10,2018-10,충남,63146
2018,11,2018-11,충남,70760
2018,12,2018-12,충남,94091
2019,1,2019-01,충남,70121
2019,2,2019-02,충남,48922
2019,3,2019-03,충남,58120
2019,4,2019-04,충남,67723
2019,5,2019-05,충남,57296
2019,6,2019-06,충남,39522
2019,7,2019-07,충남,36372
2019,8,2019-08,충남,32041
2019,9,2019-09,충남,46949
2019,10,2019-10,충남,60225
2019,11,2019-11,충남,64585
2019,12,2019-12,충남,75151
2020,1,2020-01,충남,84825
2020,2,2020-02,충남,52549
2020,3,2020-03,충남,33378
2020,4,2020-04,충남,23258
2020,5,2020-05,충남,24589
2020,6,2020-06,충남,24369
2020,7,2020-07,충남,23401
2020,8,2020-08,충남,20210
2020,9,2020-09,충남,26493
2020,10,2020-10,충남,29215
2020,11,2020-11,충남,33197
2020,12,2020-12,충남,29602
2021,1,2021-01,충남,22643
2021,2,2021-02,충남,19862
2021,3,2021-03,충남,24828
2021,4,2021-04,충남,26687
2021,5,2021-05,충남,23850
2021,6,2021-06,충남,21150
2021,7,2021-07,충남,16499
2021,8,2021-08,충남,16472
2021,9,2021-09,충남,22362
2021,10,2021-10,충남,27308
2021,11,2021-11,충남,37152
2021,12,2021-12,충남,32980
2022,1,2022-01,충남,31127
2022,2,2022-02,충남,42387
2022,3,2022-03,충남,72484
2022,4,2022-04,충남,47483
2022,5,2022-05,충남,29208
2022,6,2022-06,충남,22220
2022,7,2022-07,충남,28718
2022,8,2022-08,충남,36230
2022,9,2022-09,충남,34073
2022,10,2022-10,충남,38414
2022,11,2022-11,충남,47641
2022,12,2022-12,충남,59399
2023,1,2023-01,충남,48413
2023,2,2023-02,충남,37466
2023,3,2023-03,충남,50946
2023,4,2023-04,충남,61152
2023,5,2023-05,충남,56997
2023,6,2023-06,충남,39487
2023,7,2023-07,충남,41428
2023,8,2023-08,충남,39450
2023,9,2023-09,충남,42058
2023,10,2023-10,충남,57592
2023,11,2023-11,충남,69040
2023,12,2023-12,충남,76447
2024,1,2024-01,충남,69096
2024,2,2024-02,충남,52009
2024,3,2024-03,충남,56321
2024,4,2024-04,충남,52448
2024,5,2024-05,충남,48482
2024,6,2024-06,충남,36623
2024,7,2024-07,충남,42077
2024,8,2024-08,충남,54127
2024,9,2024-09,충남,39049
2024,10,2024-10,충남,46899
2024,11,2024-11,충남,54346
2024,12,2024-12,충남,70574
2018,1,2018-01,충북,70466
2018,2,2018-02,충북,43540
2018,3,2018-03,충북,41028
2018,4,2018-04,충북,44841
2018,5,2018-05,충북,42569
2018,6,2018-06,충북,32286
2018,7,2018-07,충북,27741
2018,8,2018-08,충북,24867
2018,9,2018-09,충북,35400
2018,10,2018-10,충북,44760
2018,11,2018-11,충북,52987
2018,12,2018-12,충북,66158
2019,1,2019-01,충북,50929
2019,2,2019-02,충북,35279
2019,3,2019-03,충북,43592
2019,4,2019-04,충북,51420
2019,5,2019-05,충북,42968
2019,6,2019-06,충북,30291
2019,7,2019-07,충북,27982
2019,8,2019-08,충북,24924
2019,9,2019-09,충북,35719
2019,10,2019-10,충북,45831
2019,11,2019-11,충북,48417
2019,12,2019-12,충북,53456
2020,1,2020-01,충북,57161
2020,2,2020-02,충북,38525
2020,3,2020-03,충북,24745
2020,4,2020-04,충북,18206
2020,5,2020-05,충북,19821
2020,6,2020-06,충북,19891
2020,7,2020-07,충북,18971
2020,8,2020-08,충북,16424
2020,9,2020-09,충북,20947
2020,10,2020-10,충북,21962
2020,11,2020-11,충북,26458
2020,12,2020-12,충북,20289
2021,1,2021-01,충북,14953
2021,2,2021-02,충북,15332
2021,3,2021-03,충북,20808
2021,4,2021-04,충북,22984
2021,5,2021-05,충북,20351
2021,6,2021-06,충북,18401
2021,7,2021-07,충북,14655
2021,8,2021-08,충북,13611
2021,9,2021-09,충북,18644
2021,10,2021-10,충북,23033
2021,11,2021-11,충북,29760
2021,12,2021-12,충북,24592
2022,1,2022-01,충북,22473
2022,2,2022-02,충북,29569
2022,3,2022-03,충북,56161
2022,4,2022-04,충북,38769
2022,5,2022-05,충북,25544
2022,6,2022-06,충북,19857
2022,7,2022-07,충북,23187
2022,8,2022-08,충북,31974
2022,9,2022-09,충북,29794
2022,10,2022-10,충북,32284
2022,11,2022-11,충북,38988
2022,12,2022-12,충북,48037
2023,1,2023-01,충북,39818
2023,2,2023-02,충북,31368
2023,3,2023-03,충북,39231
2023,4,2023-04,충북,44206
2023,5,2023-05,충북,41859
2023,6,2023-06,충북,29010
2023,7,2023-07,충북,31153
2023,8,2023-08,충북,29497
2023,9,2023-09,충북,32262
2023,10,2023-10,충북,42574
2023,11,2023-11,충북,51009
2023,12,2023-12,충북,55073
2024,1,2024-01,충북,47942
2024,2,2024-02,충북,36747
2024,3,2024-03,충북,40125
2024,4,2024-04,충북,37585
2024,5,2024-05,충북,34259
2024,6,2024-06,충북,26135
2024,7,2024-07,충북,30825
2024,8,2024-08,충북,37906
2024,9,2024-09,충북,29285
2024,10,2024-10,충북,35596
2024,11,2024-11,충북,39418
2024,12,2024-12,충북,53021
